<?xml version="1.0" encoding="UTF-8"?><!--
		This file is part of the DITA Open Toolkit project.
		See the accompanying license.txt file for applicable licenses.
--><!-- (c) Copyright IBM Corp. 2004, 2005 All Rights Reserved. --><catalog xmlns="urn:oasis:names:tc:entity:xmlns:xml:catalog" xmlns:dita="http://dita-ot.sourceforge.net">

  <!-- Java properties file DTD -->
  <rewriteURI uriStartString="plugin:org.dita.base:" rewritePrefix="./"/><rewriteURI uriStartString="plugin:org.dita.pdf2.xep:" rewritePrefix="plugins/org.dita.pdf2.xep/"/><rewriteURI uriStartString="plugin:com.elovirta.ooxml:" rewritePrefix="plugins/com.elovirta.ooxml/"/><rewriteURI uriStartString="plugin:org.dita.eclipsehelp:" rewritePrefix="plugins/org.dita.eclipsehelp/"/><rewriteURI uriStartString="plugin:com.oxygenxml.highlight:" rewritePrefix="plugins/com.oxygenxml.highlight/"/><rewriteURI uriStartString="plugin:org.dita.specialization.dita11:" rewritePrefix="plugins/org.dita.specialization.dita11/"/><rewriteURI uriStartString="plugin:org.oasis.lwdita:" rewritePrefix="plugins/org.oasis.lwdita/"/><rewriteURI uriStartString="plugin:com.elovirta.dita.markdown:" rewritePrefix="plugins/com.elovirta.dita.markdown/"/><rewriteURI uriStartString="plugin:org.dita.troff:" rewritePrefix="plugins/org.dita.troff/"/><rewriteURI uriStartString="plugin:org.dita.eclipsecontent:" rewritePrefix="plugins/org.dita.eclipsecontent/"/><rewriteURI uriStartString="plugin:org.dita.specialization.eclipsemap:" rewritePrefix="plugins/org.dita.specialization.eclipsemap/"/><rewriteURI uriStartString="plugin:org.dita.wordrtf:" rewritePrefix="plugins/org.dita.wordrtf/"/><rewriteURI uriStartString="plugin:org.dita.xhtml:" rewritePrefix="plugins/org.dita.xhtml/"/><rewriteURI uriStartString="plugin:com.oxygenxml.pdf.custom:" rewritePrefix="plugins/com.oxygenxml.pdf.custom/"/><rewriteURI uriStartString="plugin:com.oxygenxml.pdf.css:" rewritePrefix="plugins/com.oxygenxml.pdf.css/"/><rewriteURI uriStartString="plugin:org.dita-community.dita13.pdf:" rewritePrefix="plugins/org.dita-community.dita13.pdf/"/><rewriteURI uriStartString="plugin:org.dita-community.common.xslt:" rewritePrefix="plugins/org.dita-community.common.xslt/"/><rewriteURI uriStartString="plugin:org.oasis-open.dita.v1_2:" rewritePrefix="plugins/org.oasis-open.dita.v1_2/"/><rewriteURI uriStartString="plugin:org.oasis-open.dita.v1_3:" rewritePrefix="plugins/org.oasis-open.dita.v1_3/"/><rewriteURI uriStartString="plugin:com.oxygenxml.dita-ot.plugin.mathml:" rewritePrefix="plugins/mathml/"/><rewriteURI uriStartString="plugin:org.dita.htmlhelp:" rewritePrefix="plugins/org.dita.htmlhelp/"/><rewriteURI uriStartString="plugin:com.sophos.tocjs:" rewritePrefix="plugins/com.sophos.tocjs/"/><rewriteURI uriStartString="plugin:org.dita.pdf2.fop:" rewritePrefix="plugins/org.dita.pdf2.fop/"/><rewriteURI uriStartString="plugin:com.oxygenxml.html.custom:" rewritePrefix="plugins/com.oxygenxml.html.custom/"/><rewriteURI uriStartString="plugin:org.dita.pdf2.axf:" rewritePrefix="plugins/org.dita.pdf2.axf/"/><rewriteURI uriStartString="plugin:org.dita.html5:" rewritePrefix="plugins/org.dita.html5/"/><rewriteURI uriStartString="plugin:org.dita.javahelp:" rewritePrefix="plugins/org.dita.javahelp/"/><rewriteURI uriStartString="plugin:org.dita-ot.html:" rewritePrefix="plugins/org.dita-ot.html/"/><rewriteURI uriStartString="plugin:org.dita.odt:" rewritePrefix="plugins/org.dita.odt/"/><rewriteURI uriStartString="plugin:com.oxygenxml.dita-ot.plugin.webhelp:" rewritePrefix="plugins/com.oxygenxml.webhelp/"/><rewriteURI uriStartString="plugin:org.dita.pdf2:" rewritePrefix="plugins/org.dita.pdf2/"/><rewriteURI uriStartString="plugin:org.dita.docbook:" rewritePrefix="plugins/org.dita.docbook/"/><rewriteURI uriStartString="plugin:org.dita-community.dita13.html:" rewritePrefix="plugins/org.dita-community.dita13.html/"/><rewriteURI uriStartString="plugin:org.dita-ng.dita.relaxng:" rewritePrefix="plugins/org.dita-ng.doctypes/"/>
  
  <system systemId="http://java.sun.com/dtd/properties.dtd" uri="dtd/properties.dtd"/>

   
   <nextCatalog catalog="plugins/org.oasis-open.dita.v1_3/catalog.xml"/><nextCatalog catalog="plugins/org.oasis-open.dita.v1_2/catalog.xml"/><nextCatalog catalog="plugins/mathml/catalog.xml"/><nextCatalog catalog="plugins/org.dita-ng.doctypes/catalog.xml"/><nextCatalog catalog="plugins/org.dita.specialization.dita11/catalog.xml"/><nextCatalog catalog="plugins/org.dita.specialization.eclipsemap/catalog.xml"/><nextCatalog catalog="plugins/org.oasis.lwdita/catalog-dita.xml"/>
  
</catalog>